horizon_h,features,model,test_n,test_events,event_rate,at05_thr,at05_accuracy,at05_balanced_accuracy,at05_precision,at05_recall,at05_f1,at05_roc_auc,at05_average_precision,at05_tp,at05_fp,at05_fn,at05_tn,best_thr,best_accuracy,best_balanced_accuracy,best_precision,best_recall,best_f1,best_roc_auc,best_average_precision,best_tp,best_fp,best_fn,best_tn
1,weather_time,logistic_balanced,2029,130,0.06407097092163627,0.5,0.8861508132084771,0.6883784988050391,0.27149321266968324,0.46153846153846156,0.3418803418803419,0.8214080285170333,0.25999281377744343,60,161,70,1738,0.5729113924050633,0.9083292262198127,0.6858954105399604,0.3333333333333333,0.4307692307692308,0.37583892617449666,0.8214080285170333,0.25999281377744343,56,112,74,1787
1,weather_time,hist_gradient_boost,2029,130,0.06407097092163627,0.5,0.9117792015771315,0.6017499088589136,0.2831858407079646,0.24615384615384617,0.26337448559670784,0.8355956576335724,0.22864242551549382,32,81,98,1818,0.19772151898734178,0.8511582060128142,0.7628387410377931,0.25,0.6615384615384615,0.3628691983122363,0.8355956576335724,0.22864242551549382,86,258,44,1641
1,weather_time,extra_trees_balanced,2029,130,0.06407097092163627,0.5,0.932971907343519,0.5020030785433629,0.125,0.007692307692307693,0.014492753623188406,0.8455340867663144,0.29969541754048784,1,7,129,1892,0.2865822784810127,0.917200591424347,0.7192976060274638,0.3855421686746988,0.49230769230769234,0.43243243243243246,0.8455340867663144,0.29969541754048784,64,102,66,1797
1,weather_time_recent_pm25,logistic_balanced,2011,127,0.06315266036797614,0.5,0.8637493784186971,0.8648649213434307,0.2997275204359673,0.8661417322834646,0.44534412955465585,0.9391101191968838,0.5290154379144073,110,257,17,1627,0.8,0.9239184485330681,0.841903221492218,0.4398148148148148,0.7480314960629921,0.5539358600583091,0.9391101191968838,0.5290154379144073,95,121,32,1763
1,weather_time_recent_pm25,hist_gradient_boost,2011,127,0.06315266036797614,0.5,0.9393336648433616,0.8244290920641288,0.5146198830409356,0.6929133858267716,0.5906040268456376,0.9335932928766071,0.5445107029758111,88,83,39,1801,0.5037974683544304,0.939830929885629,0.8246944848454453,0.5176470588235295,0.6929133858267716,0.5925925925925926,0.9335932928766071,0.5445107029758111,88,82,39,1802
1,weather_time_recent_pm25,extra_trees_balanced,2011,127,0.06315266036797614,0.5,0.9418199900546992,0.6568617617065383,0.5675675675675675,0.33070866141732286,0.417910447761194,0.9355492585719779,0.49926044902122896,42,32,85,1852,0.29645569620253165,0.9249129786176031,0.8277475466840529,0.441747572815534,0.7165354330708661,0.5465465465465466,0.9355492585719779,0.49926044902122896,91,115,36,1769
6,weather_time,logistic_balanced,2028,130,0.0641025641025641,0.5,0.8772189349112426,0.7445205479452055,0.28205128205128205,0.5923076923076923,0.38213399503722084,0.8674475156034693,0.3112210503155065,77,196,53,1702,0.48405063291139244,0.8747534516765286,0.7682824025289778,0.2876712328767123,0.6461538461538462,0.3981042654028436,0.8674475156034693,0.3112210503155065,84,208,46,1690
6,weather_time,hist_gradient_boost,2028,130,0.0641025641025641,0.5,0.8994082840236687,0.5593256059009484,0.1864406779661017,0.16923076923076924,0.1774193548387097,0.8314460565777742,0.2015416627305204,22,96,108,1802,0.1582278481012658,0.863905325443787,0.7266596417281348,0.25170068027210885,0.5692307692307692,0.3490566037735849,0.8314460565777742,0.2015416627305204,74,220,56,1678
6,weather_time,extra_trees_balanced,2028,130,0.0641025641025641,0.5,0.9358974358974359,0.5071654373024236,0.5,0.015384615384615385,0.029850746268656716,0.8520507416713949,0.23518435253743442,2,2,128,1896,0.2668354430379747,0.8915187376725838,0.6805057955742887,0.27941176470588236,0.43846153846153846,0.3413173652694611,0.8520507416713949,0.23518435253743442,57,147,73,1751
6,weather_time_recent_pm25,logistic_balanced,2010,127,0.06318407960199005,0.5,0.8497512437810946,0.8059931170313748,0.2615803814713896,0.7559055118110236,0.38866396761133604,0.8941001333941063,0.3916346276530122,96,271,31,1612,0.6913924050632911,0.8855721393034826,0.7773823811057075,0.30855018587360594,0.6535433070866141,0.41919191919191917,0.8941001333941063,0.3916346276530122,83,186,44,1697
6,weather_time_recent_pm25,hist_gradient_boost,2010,127,0.06318407960199005,0.5,0.9169154228855722,0.592179927323211,0.2916666666666667,0.2204724409448819,0.25112107623318386,0.8562647141226306,0.2745259605417556,28,68,99,1815,0.08911392405063291,0.8701492537313433,0.758136413245742,0.272108843537415,0.6299212598425197,0.38004750593824227,0.8562647141226306,0.2745259605417556,80,214,47,1669
6,weather_time_recent_pm25,extra_trees_balanced,2010,127,0.06318407960199005,0.5,0.935820895522388,0.4994689325544344,0.0,0.0,0.0,0.8709736097114255,0.27978778149409844,0,2,127,1881,0.20759493670886076,0.881592039800995,0.7312004215086497,0.28063241106719367,0.5590551181102362,0.3736842105263158,0.8709736097114255,0.27978778149409844,71,182,56,1701
24,weather_time,logistic_balanced,2023,130,0.06426099851705389,0.5,0.8526940187839842,0.7063675890934211,0.22727272727272727,0.5384615384615384,0.319634703196347,0.8215571538867894,0.3248481120290594,70,238,60,1655,0.6815189873417722,0.9307958477508651,0.6585497175829981,0.45,0.34615384615384615,0.391304347826087,0.8215571538867894,0.3248481120290594,45,55,85,1838
24,weather_time,hist_gradient_boost,2023,130,0.06426099851705389,0.5,0.8279782501235788,0.5785363078548499,0.1292517006802721,0.2923076923076923,0.1792452830188679,0.70963468649681,0.1207083507549001,38,256,92,1637,0.3458227848101266,0.759268413247652,0.6421187370474217,0.13496932515337423,0.5076923076923077,0.21324717285945072,0.70963468649681,0.1207083507549001,66,423,64,1470
24,weather_time,extra_trees_balanced,2023,130,0.06426099851705389,0.5,0.9288185862580326,0.5213763257344873,0.25,0.05384615384615385,0.08860759493670886,0.8456987281076029,0.24366277529589914,7,21,123,1872,0.3260759493670886,0.8358872960949085,0.7726096143687269,0.23697916666666666,0.7,0.3540856031128405,0.8456987281076029,0.24366277529589914,91,293,39,1600
24,weather_time_recent_pm25,logistic_balanced,2005,127,0.06334164588528678,0.5,0.800997506234414,0.7763054178930509,0.20562770562770563,0.7480314960629921,0.3225806451612903,0.8391151585285065,0.2617688220938312,95,367,32,1511,0.7407594936708861,0.8877805486284289,0.7051667463292328,0.28125,0.49606299212598426,0.358974358974359,0.8391151585285065,0.2617688220938312,63,161,64,1717
24,weather_time_recent_pm25,hist_gradient_boost,2005,127,0.06334164588528678,0.5,0.9192019950124688,0.5384015496465497,0.21311475409836064,0.10236220472440945,0.13829787234042554,0.708372116424744,0.1330290386893478,13,48,114,1830,0.039746835443037976,0.6394014962593516,0.6716896011001819,0.11597938144329897,0.7086614173228346,0.19933554817275748,0.708372116424744,0.1330290386893478,90,686,37,1192
24,weather_time_recent_pm25,extra_trees_balanced,2005,127,0.06334164588528678,0.5,0.9366583541147132,0.5036707671924396,0.5,0.007874015748031496,0.015503875968992248,0.853144155702582,0.304300865825522,1,1,126,1877,0.2668354430379747,0.8648379052369077,0.7626642516330826,0.2662337662337662,0.6456692913385826,0.37701149425287356,0.853144155702582,0.304300865825522,82,226,45,1652
